Price,Close,High,Low,Open,Volume
Ticker,HANA.BK,HANA.BK,HANA.BK,HANA.BK,HANA.BK
Date,,,,,
2022-01-04,81.23774719238281,82.63039428710938,80.07720794677735,81.701962890625,10121700
2022-01-07,76.13137817382812,77.5240253355445,75.89927031354206,77.05980961497238,11730900
2022-01-10,79.84510803222656,81.00564739316009,76.82770569379939,77.2919214381728,17303100
2022-01-11,77.75614166259766,80.54143628931757,77.05981800591768,79.8451126326376,9350000
2022-01-12,78.22034454345703,79.14877593269688,78.22034454345703,78.68456023807695,4605500
2022-01-13,76.59559631347656,79.1487828572591,76.59559631347656,78.68456712202592,8885000
2022-01-14,74.50662231445312,76.59559303354995,74.50662231445312,76.59559303354995,10608600
2022-01-17,74.50662231445312,75.89926946051767,74.50662231445312,74.73873017213054,4317900
2022-01-18,71.25711822509766,75.89927576419197,71.02501034814294,74.9708442563731,17428200
2022-01-19,70.0965805053711,71.7213356826479,69.63236474043487,70.0965805053711,8023600
2022-01-20,69.16815185546875,71.25712288466076,68.9360439633363,70.79290710039587,7786800
2022-01-21,67.77550506591797,69.86447611247023,67.5433971718566,68.47182874810206,9123900
2022-01-24,66.61495971679688,69.40025419972915,66.38285184321919,68.00760695826301,8386300
2022-01-25,67.07917785644531,67.77550150201395,66.61496209273288,66.61496209273288,8256900
2022-01-26,69.63236236572266,69.63236236572266,67.07917574564615,68.0076072438558,21945800
2022-01-27,67.07917785644531,67.77550150201395,66.61496209273288,67.54339362015773,13379300
2022-01-28,64.061767578125,67.77549323482789,64.061767578125,67.31127752774003,22812600
2022-01-31,64.52598571777344,65.45441716695004,63.829662130890995,65.22230930465588,14025800
2022-02-01,67.77550506591797,68.2397208540407,65.45442612530434,65.91864191342707,15881400
2022-02-02,68.4718246459961,69.16814828646385,67.07917736506057,68.93604040630792,16112800
2022-02-03,66.61495971679688,68.00760695826301,66.61495971679688,67.77549908468532,12488300
2022-02-04,66.15074920654297,66.8470728824013,65.91864131459019,66.61496499044853,6461700
2022-02-07,65.2223129272461,66.61496017836167,64.75809717687423,66.61496017836167,6151700
2022-02-08,65.2223129272461,65.91863655280387,64.99020505206016,65.2223129272461,6096400
2022-02-09,59.18750762939453,65.22231232886222,58.49118401022518,64.52598870969287,40104000
2022-02-10,59.883827209472656,61.04436649647794,59.651719352071595,59.651719352071595,22452800
2022-02-11,56.63432312011719,59.88383346307473,56.63432312011719,59.65172558143491,20228500
2022-02-14,55.70588684082031,56.17010256449382,54.77745539347331,55.24167111714681,12179700
2022-02-15,58.259071350097656,58.259071350097656,55.93799281025313,56.40220851822203,20597500
2022-02-17,57.5627555847168,58.955402897250266,56.86643192845006,58.49118712640578,15957500
2022-02-18,58.259071350097656,58.72328705806656,57.09853208017539,57.09853208017539,9378200
2022-02-21,57.33064651489258,58.49118591802805,57.09853863426548,58.49118591802805,4332200
2022-02-22,56.866424560546875,57.562748126594386,56.402208849848535,57.098532415896045,5718400
2022-02-23,58.0269660949707,58.49118182373047,56.86642677307129,57.09853463745117,6347900
2022-02-24,55.00956726074219,57.794861805589896,55.00956726074219,57.794861805589896,12289400
2022-02-25,57.79486083984375,57.79486083984375,56.17010571583208,56.402213590690884,10125800
2022-02-28,47.350006103515625,50.83162419936236,46.65368248434628,50.13530058019302,65205900
2022-03-01,47.350006103515625,48.27843759574142,46.885790357402726,48.04632972268497,24813700
2022-03-02,43.868385314941406,47.35000319707961,43.868385314941406,47.117895338270394,43165700
2022-03-03,45.493141174316406,46.18946476371921,42.93995467983947,44.1004939955108,35330600
2022-03-04,45.02892303466797,45.95735443744463,44.56470733327964,44.796815183973806,17179100
2022-03-07,43.63627624511719,44.79681550695541,43.1720605403819,44.33259980222012,12583300
2022-03-08,41.083091735839844,43.86838609081204,39.922552421268094,43.40417036498334,33951500
2022-03-09,43.40416717529297,43.40416717529297,41.08308871672115,41.31519656257833,17514900
2022-03-10,43.40416717529297,45.4931377880076,42.939951483578604,44.56470640457887,20492600
2022-03-11,43.641353607177734,44.115716146386184,42.4554472591566,42.69262852876083,7943400
2022-03-14,43.404170989990234,44.115714776711386,43.16698972774985,43.878533514471,3432400
2022-03-15,42.21826171875,43.64134919241573,41.981080473139045,43.404167946804776,8154900
2022-03-16,45.0644416809082,45.0644416809082,42.21826641685084,42.692628960860404,19752900
2022-03-17,46.961891174316406,47.67343497998787,46.013166100087794,47.436253711430716,33034000
2022-03-18,46.25034713745117,47.199072206937345,46.013165870079625,46.961890939565805,9898300
2022-03-21,46.961891174316406,47.199072442873565,46.013166100087794,46.487528637202104,7326800
2022-03-22,46.487525939941406,47.19906970432826,45.30161966596331,46.961888449532644,9777800
2022-03-23,47.673431396484375,48.38497514867071,47.19906889502682,47.4362501457556,20254000
2022-03-24,47.910614013671875,47.910614013671875,46.72470772620475,47.1990702411916,8461500
2022-03-25,47.199073791503906,48.62216144350905,46.96189251616971,48.384980168174856,21419500
2022-03-28,47.199073791503906,47.67343634217229,46.250348690167144,46.96189251616971,8650800
2022-03-29,46.487525939941406,47.91061346871512,46.250344685145784,47.43625095912388,10931300
2022-03-30,46.724708557128906,47.67343360397416,46.724708557128906,46.96188981884022,11467900
2022-03-31,46.25034713745117,46.961890939565805,46.013165870079625,46.961890939565805,7544400
2022-04-01,46.013160705566406,46.48752318706709,45.53879822406572,45.53879822406572,5856000
2022-04-04,45.77598571777344,46.48752953722069,45.30162317147526,46.01316699092252,4313800
2022-04-05,46.25034713745117,47.43625347430889,46.013165870079625,46.25034713745117,12161100
2022-04-07,43.87853240966797,46.01316371608425,43.64135115339949,45.77598245981577,18002700
2022-04-08,44.11571502685547,44.35289629044072,43.641352499684984,43.87853376327023,5033400
2022-04-11,42.455448150634766,43.878535798142074,41.74390432688111,43.878535798142074,12628900
2022-04-12,42.692626953125,42.92980821397569,41.50672064887153,41.981083170572916,7809100
2022-04-18,42.692626953125,43.404170735677084,42.21826443142361,42.21826443142361,4020800
2022-04-19,43.641353607177734,44.82725995519887,42.92980979836505,43.16699106796928,7365200
2022-04-20,44.11571502685547,45.06444008119645,43.87853376327023,44.11571502685547,6196800
2022-04-21,44.3528938293457,44.59007507977001,43.87853132849708,44.59007507977001,6438000
2022-04-22,43.641353607177734,44.115716146386184,43.16699106796928,43.87853487678196,5433200
2022-04-25,43.641353607177734,43.641353607177734,42.69262852876083,42.92980979836505,4302400
2022-04-26,42.692626953125,44.590077039930556,42.692626953125,44.35289577907986,12442000
2022-04-27,42.21826171875,42.69262420997191,41.74389922752809,42.21826171875,6130600
2022-04-28,42.929805755615234,43.40416825015242,41.98108076654086,42.45544326107805,7713700
2022-04-29,42.692626953125,43.16698947482639,42.21826443142361,42.92980821397569,6541300
2022-05-03,43.166988372802734,43.878532137189595,42.455444608415874,42.6926258632115,8953000
2022-05-05,44.11571502685547,44.8272588176112,43.641352499684984,43.641352499684984,10737600
2022-05-06,43.166988372802734,43.878532137189595,42.21826335362026,43.166988372802734,21163500
2022-05-09,41.2695426940918,42.92981165304951,41.2695426940918,42.69263037319841,15392800
2022-05-10,42.455448150634766,42.692629425219316,40.79517922854291,41.03236050312746,9196900
2022-05-11,43.404170989990234,43.64135225223062,42.218264678788316,42.4554459410287,13134200
2022-05-12,41.74390411376953,43.166991754011676,41.26954156702215,43.166991754011676,15118700
2022-05-13,41.74390411376953,42.4554479338906,41.26954156702215,42.4554479338906,4416100
2022-05-17,44.11571502685547,44.59007755402596,42.21826491817352,42.21826491817352,15382400
2022-05-18,45.53879928588867,45.53879928588867,43.64134931564331,43.87853056192398,15233700
2022-05-19,44.3528938293457,44.82725633019432,43.87853132849708,44.115712578921396,10370400
2022-05-20,44.5900764465332,45.30162021961618,44.115713931144555,45.30162021961618,6679500
2022-05-23,42.929805755615234,44.59007448649538,42.69262450834665,44.59007448649538,12745700
2022-05-24,41.981082916259766,42.692626694501456,41.74390165684587,42.692626694501456,14427500
2022-05-25,41.2695426940918,42.21826781349621,41.0323614142407,42.21826781349621,14054700
2022-05-26,41.981082916259766,41.981082916259766,41.50672039743197,41.50672039743197,5190400
2022-05-27,42.929805755615234,42.929805755615234,42.21826201380946,42.45544326107805,11779400
2022-05-30,44.5900764465332,44.5900764465332,43.404170158061575,43.87853267345022,19707200
2022-05-31,44.5900764465332,44.82725770422753,43.87853267345022,44.115713931144555,9585600
2022-06-01,44.5900764465332,45.53880147731051,44.35289518883888,44.5900764465332,8962200
2022-06-02,44.5900764465332,45.30162021961618,44.35289518883888,44.82725770422753,8184300
2022-06-06,44.11571502685547,44.8272588176112,43.641352499684984,44.8272588176112,4885800
2022-06-07,42.455448150634766,43.878535798142074,42.455448150634766,43.878535798142074,7614100
2022-06-08,43.166988372802734,43.40416962759835,42.6926258632115,42.6926258632115,4047100
2022-06-09,42.692626953125,43.404170735677084,42.692626953125,43.16698947482639,2113500
2022-06-10,42.455448150634766,42.692629425219316,42.218266876050215,42.455448150634766,2101400
2022-06-13,40.5579948425293,41.981082380863654,40.5579948425293,41.50671986808554,12300000
2022-06-14,40.08363342285156,40.55799594856578,39.37208963428023,40.32081468570867,12427000
2022-06-15,40.32081604003906,41.2695411233341,40.0836347692153,40.557997310862824,4984200
2022-06-16,39.37208938598633,41.5067207382386,39.37208938598633,41.03235821551587,6471200
2022-06-17,39.37208938598633,39.37208938598633,38.42336434054087,39.37208938598633,6819100
2022-06-20,39.134910583496094,40.083635688550544,38.89772930723248,39.134910583496094,5077300
2022-06-21,40.08363342285156,40.32081468570867,39.37208963428023,39.60927089713734,7896600
2022-06-22,37.711822509765625,39.846453972582545,37.474641236119304,39.846453972582545,20009800
2022-06-23,37.711822509765625,38.186185057058275,37.474641236119304,37.94900378341195,5012100
2022-06-24,38.423362731933594,38.89772523479697,37.71181897763853,37.949000229070215,6583500
2022-06-27,40.5579948425293,41.03235735530742,38.897726047805875,38.897726047805875,17632700
2022-06-28,40.5579948425293,41.03235735530742,40.083632329751175,40.32081358614023,7290600
2022-06-29,40.08363342285156,40.55799594856578,39.37208963428023,40.08363342285156,6358000
2022-06-30,38.660545349121094,40.32081416779501,38.660545349121094,40.32081416779501,7108000
2022-07-01,38.660545349121094,39.13490786874221,38.42336408931053,38.660545349121094,3459300
2022-07-04,36.288734436035156,38.66054714427275,36.051553165211395,38.66054714427275,22040800
2022-07-05,35.57719039916992,37.00027801513672,35.34000912984212,36.76309674580892,10912900
2022-07-06,35.81437301635742,36.28873557286547,34.86564790334133,35.81437301635742,10383100
2022-07-07,36.525917053222656,37.00027961235542,36.05155449408989,36.05155449408989,8445100
2022-07-08,37.000274658203125,37.9489996494391,36.76309341039413,37.237455906012116,11170100
2022-07-11,36.763099670410156,37.237462246802544,36.28873709401777,37.00028095860635,3573100
2022-07-12,37.711822509765625,38.423366330704596,36.525916141534005,36.525916141534005,8438900
2022-07-14,37.711822509765625,38.186185057058275,37.474641236119304,37.474641236119304,5454300
2022-07-15,38.423362731933594,38.66054398336529,37.47463772620684,37.949000229070215,10648200
2022-07-18,38.423362731933594,39.134906486228665,38.423362731933594,38.89772523479697,3611600
2022-07-19,38.18618392944336,38.66054646272837,37.71182139615835,38.42336519608586,3233800
2022-07-20,39.60927200317383,40.08363454213399,38.6605469252535,38.89772819473358,11464900
2022-07-21,40.32081604003906,40.557997310862824,39.609272227567786,39.609272227567786,8586700
2022-07-22,40.32081604003906,40.795178581686585,39.84645349839155,40.795178581686585,5838000
2022-07-25,41.2695426940918,41.506723973942904,40.32081757468739,40.55799885453849,4239700
2022-07-26,40.7951774597168,41.50672125261883,40.7951774597168,41.26953998831815,4857900
2022-07-27,43.404170989990234,43.404170989990234,41.0323583675864,41.506720892067165,26147400
2022-08-01,44.3528938293457,44.82725633019432,42.92980632679985,44.3528938293457,18694000
2022-08-02,43.404170989990234,44.115714776711386,42.92980846550947,43.404170989990234,11446500
2022-08-03,42.692626953125,43.641351996527774,42.4554456922743,43.404170735677084,10181500
2022-08-04,43.166988372802734,44.11571339198521,42.92980711800711,43.166988372802734,10977400
2022-08-05,43.641353607177734,43.87853487678196,43.16699106796928,43.404172337573506,4204900
2022-08-08,43.641353607177734,43.87853487678196,42.92980979836505,43.87853487678196,7879000
2022-08-09,43.404170989990234,43.64135225223062,42.69262720326908,43.404170989990234,6907400
2022-08-10,40.7951774597168,42.69262757412223,40.083633666814755,42.69262757412223,18461700
2022-08-11,42.21826171875,42.69262420997191,41.26953673630618,41.26953673630618,8755400
2022-08-15,44.11571502685547,44.35289629044072,41.03235860024729,41.03235860024729,16322200
2022-08-16,44.5900764465332,44.82725770422753,43.87853267345022,44.115713931144555,10871600
2022-08-17,44.8272590637207,45.53880285838294,44.35289653394588,44.59007779883329,8865000
2022-08-18,44.3528938293457,44.59007507977001,43.641350078072776,44.115712578921396,3631000
2022-08-19,43.404170989990234,44.82725856343254,42.92980846550947,44.35289603895177,4212600
2022-08-22,42.21826171875,43.87853043802669,41.981080473139045,43.16698670119382,6253200
2022-08-23,42.455448150634766,42.692629425219316,41.74390432688111,41.74390432688111,4536000
2022-08-24,41.506717681884766,42.455442657470705,41.26953643798828,42.455442657470705,4381300
2022-08-25,42.21826171875,42.455442964360955,41.74389922752809,41.74389922752809,3752700
2022-08-26,42.692626953125,43.641351996527774,42.21826443142361,42.4554456922743,8739900
2022-08-29,41.03235626220703,42.21826251255983,41.03235626220703,41.50671876234815,11428800
2022-08-30,41.2695426940918,41.506723973942904,40.7951801343896,41.2695426940918,4608900
2022-08-31,40.5579948425293,41.269538611696476,40.32081358614023,40.795176098918354,6930900
2022-09-01,38.897727966308594,40.55799684291932,38.660546698221346,40.320815574832075,10861800
2022-09-02,38.423362731933594,39.134906486228665,38.18618148050191,38.66054398336529,7531700
2022-09-05,37.711822509765625,38.423366330704596,37.711822509765625,38.423366330704596,5831400
2022-09-06,37.949005126953125,38.6605489730835,37.949005126953125,37.949005126953125,4544800
2022-09-07,37.711822509765625,38.660547604350924,37.711822509765625,37.94900378341195,6462800
2022-09-08,38.18618392944336,38.42336519608586,37.23745886287334,38.18618392944336,9031000
2022-09-09,38.423362731933594,38.89772523479697,37.949000229070215,38.423362731933594,6203200
2022-09-12,39.84645080566406,40.79517582484654,38.660544531685964,38.89772578648159,9009200
2022-09-13,39.134910583496094,39.84645441228693,38.89772930723248,39.84645441228693,8107900
2022-09-14,39.134910583496094,39.372091859759706,38.186185478441644,38.186185478441644,7924700
2022-09-15,38.423362731933594,39.60926898909204,38.423362731933594,39.37208773766035,7379900
2022-09-16,38.660545349121094,38.89772660893165,38.18618282949998,38.660545349121094,3673400
2022-09-19,38.423362731933594,39.37208773766035,38.18618148050191,38.423362731933594,3997500
2022-09-20,38.660545349121094,39.13490786874221,38.42336408931053,38.660545349121094,3172500
2022-09-21,38.18618392944336,38.66054646272837,37.94900266280085,38.66054646272837,2311200
2022-09-22,38.423362731933594,38.66054398336529,37.949000229070215,38.18618148050191,2533300
2022-09-23,37.474639892578125,38.42336495314972,37.474639892578125,38.42336495314972,4400900
2022-09-26,37.237457275390625,37.237457275390625,36.52591350579717,37.00027601885947,4022800
2022-09-27,36.288734436035156,37.71182206097771,36.288734436035156,37.00027824850643,4599100
2022-09-28,35.34001159667969,36.525918026098466,35.10283031079593,36.05155545433095,7242000
2022-09-29,35.10282897949219,36.28873536393449,34.865647702603724,36.05155408704603,5029500
2022-09-30,34.86564636230469,35.577190165617026,34.62846509453391,35.10282763007547,6697000
2022-10-03,33.67974090576172,35.102828549667144,33.67974090576172,34.62846600169867,5944800
2022-10-04,35.10282897949219,35.81437281015757,33.67974131816142,34.3912851488268,5310000
2022-10-05,37.237457275390625,37.71181978845292,36.28873224926602,36.76309476232832,10236000
2022-10-06,37.237457275390625,37.71181978845292,36.76309476232832,37.237457275390625,4752000
2022-10-07,35.81437301635742,37.47464196413558,35.5771917381034,37.47464196413558,7666600
2022-10-10,34.62846755981445,35.340011413783245,34.15410499050193,35.340011413783245,5734900
2022-10-11,32.731014251708984,34.39128309056379,32.49383298901544,34.15410182787024,15033600
2022-10-12,31.782289505004883,32.731014564855776,31.54510824004216,32.493833299893055,7896100
2022-10-17,32.493831634521484,32.73101288732821,31.782287876101307,32.256650381714756,9588600
2022-10-18,34.15410614013672,34.39128743277656,32.96819967693753,33.20538096957737,20424000
2022-10-19,33.442562103271484,34.86564985234687,32.96819952024636,34.62846856083431,11249200
2022-10-20,32.731014251708984,33.20537677709607,32.731014251708984,33.20537677709607,11934400
2022-10-21,32.25665283203125,33.20537791532629,32.25665283203125,32.73101537367877,5413200
2022-10-25,32.493831634521484,32.493831634521484,31.070744117681127,32.493831634521484,11156800
2022-10-26,32.25665283203125,32.73101537367877,31.78229029038373,32.49383410285501,3913700
2022-10-27,32.731014251708984,33.20537677709607,32.01947046362835,32.2566517263219,6210500
2022-10-28,32.493831634521484,33.20537539294166,32.493831634521484,32.73101288732821,2291600
2022-10-31,32.968196868896484,33.44255941377269,32.73101559645838,32.968196868896484,5333100
2022-11-01,34.62846755981445,35.10283012912698,33.20537985187687,33.20537985187687,10228400
2022-11-02,34.39128494262695,35.10282876902613,34.39128494262695,34.86564749355974,4992100
2022-11-03,34.86564636230469,34.86564636230469,33.442558755680004,33.91692129122157,6492900
2022-11-04,35.57719039916992,36.05155293782552,34.865646591186525,34.865646591186525,13420400
2022-11-07,36.051551818847656,36.76309560474596,35.57718929491545,35.814370556881556,10393900
2022-11-08,35.81437301635742,36.52591685111949,35.5771917381034,36.28873557286547,7983200
2022-11-09,34.62846755981445,36.52591783706456,34.62846755981445,35.81437398309577,6433900
2022-11-10,34.86564636230469,35.340008897846246,34.15410255899235,34.15410255899235,3121200
2022-11-11,37.000274658203125,37.474637153821114,36.05154966696715,36.28873091477614,13374300
2022-11-14,37.000274658203125,37.711818401630104,36.28873091477614,36.525912162585136,7056900
2022-11-15,41.981082916259766,41.981082916259766,38.66054528446521,38.8977265438791,30501100
2022-11-16,42.455448150634766,42.692629425219316,41.03236050312746,41.74390432688111,19929800
2022-11-17,42.455448150634766,42.929810699803866,41.26954177771201,42.455448150634766,14507400
2022-11-18,47.910614013671875,48.1477952711653,43.404170121296794,43.404170121296794,54622800
2022-11-21,47.199073791503906,49.33370526951162,46.01316741483295,47.43625506683809,29863600
2022-11-22,47.910614013671875,48.62215778615215,46.72470772620475,46.961888983698174,28743800
2022-11-23,47.436248779296875,48.85933624267578,47.19906753540039,48.14779251098633,20482200
2022-11-24,48.147796630859375,48.85934042343365,47.19907157409367,47.91061536666795,20997800
2022-11-25,47.199073791503906,48.14779889284067,46.250348690167144,48.14779889284067,20032100
2022-11-28,47.673431396484375,48.38497514867071,45.77598139065415,46.48752514284049,14143500
2022-11-29,48.87126159667969,48.87126159667969,46.71517652623794,47.91300156537224,17379600
2022-11-30,49.58995056152344,51.266905411430024,48.392125668733016,48.6316906472911,25989500
2022-12-01,53.422996520996094,53.422996520996094,49.829521418686944,50.548216439148774,39161900
2022-12-02,52.22516632080078,53.662556219538416,51.98560133767784,53.42299123641548,22976200
2022-12-06,49.82951736450195,51.98560225046598,49.589952377172615,51.74603726313664,15702400
2022-12-07,49.35038757324219,50.5482125143403,48.63169260858332,48.87125759680294,14501900
2022-12-08,49.82951736450195,50.30864733916063,49.110822402513946,49.589952377172615,7086900
2022-12-09,51.74604034423828,51.74604034423828,50.06908533308241,50.30865033467611,12844000
2022-12-13,50.787776947021484,52.22516686061643,50.069081990224014,51.985601875017274,14268300
2022-12-14,50.787776947021484,51.74603688941812,50.548211961422325,51.027341932620644,15224200
2022-12-15,49.11082077026367,51.02734060520079,49.11082077026367,51.02734060520079,9910300
2022-12-16,48.87126159667969,49.35039161233341,47.91300156537224,48.392131581025964,9728400
2022-12-19,49.82951736450195,50.54821232648996,48.87125741518461,48.87125741518461,5304300
2022-12-20,48.631690979003906,50.06908086015673,48.15256101861963,49.82951587996459,9701300
2022-12-21,49.35038757324219,49.58995256146181,48.3921276203637,49.11082258502257,8311700
2022-12-22,50.06908416748047,50.06908416748047,49.110824183413854,49.58995417544716,8195000
2022-12-23,49.11082077026367,49.58995072899795,48.871255790896534,49.58995072899795,5009400
2022-12-26,49.35038757324219,50.06908253790105,49.11082258502257,49.35038757324219,3580400
2022-12-27,50.06908416748047,50.548214159513776,49.35038917943051,49.58995417544716,6005900
2022-12-28,49.58995056152344,50.0690805186396,49.35038558296535,49.829515540081516,6171800
2022-12-29,50.06908416748047,50.06908416748047,49.110824183413854,49.58995417544716,4375900
2022-12-30,49.35038757324219,50.78777750255992,49.11082258502257,50.30864752612068,13432300
2023-01-03,51.26690673828125,51.506471723039574,49.82951682973131,49.82951682973131,15775500
2023-01-04,49.82951736450195,50.7877773138193,49.589952377172615,50.7877773138193,8651800
2023-01-05,48.87126159667969,50.069086635813996,47.91300156537224,49.829521627987134,15957300
2023-01-06,55.818641662597656,56.537336619626814,48.8712570779825,48.8712570779825,53185600
2023-01-09,55.579078674316406,57.495598628603176,54.62081869717302,56.77690364574564,20334100
2023-01-10,56.05820846557617,56.53733845246144,54.86038349836301,55.5790784786909,15357600
2023-01-11,55.339515686035156,56.53734070088441,55.339515686035156,56.53734070088441,7616800
2023-01-12,57.73516082763672,57.73516082763672,55.33951100076383,55.57907598345111,22502000
2023-01-13,56.05820846557617,57.49559842623197,55.33951348524827,57.25603343278934,15875000
2023-01-16,55.579078674316406,56.53733865145979,55.33951368003056,56.29777365717394,5702100
2023-01-17,54.620819091796875,55.57907907586349,54.620819091796875,55.57907907586349,7785000
2023-01-18,54.860382080078125,56.53733699082287,54.62081709282888,54.62081709282888,13253700
2023-01-19,54.381256103515625,54.62082110837692,52.94386607434781,53.90212609379302,11980000
2023-01-20,54.620819091796875,54.86038408781353,53.66255910773026,54.620819091796875,6638900
2023-01-23,56.29777526855469,56.537340269697474,54.86038526169797,54.86038526169797,9916400
2023-01-24,56.53733444213867,59.17254918308581,56.53733444213867,57.2560293714879,27171200
2023-01-25,56.53733444213867,57.49559434793763,56.29776946568894,56.776899418588414,7295300
2023-01-26,54.860382080078125,56.776901978072125,54.62081709282888,56.53733699082287,7892300
2023-01-27,55.579078674316406,55.81864366860225,54.62081869717302,55.579078674316406,6502600
2023-01-30,55.579078674316406,56.0582086628881,55.33951368003056,55.579078674316406,4473700
2023-01-31,57.97472381591797,58.93298371370174,55.57907407145855,55.57907407145855,27613900
2023-02-01,57.97472381591797,58.6934187392558,57.25602889258014,57.73515884147203,10782600
2023-02-02,62.286895751953125,62.286895751953125,58.45385601337139,58.93298598069411,30629900
2023-02-03,62.04732894897461,62.28689392561158,60.37037411251583,61.80776397233764,16974800
2023-02-06,60.60993957519531,61.807764467985734,60.13080961807914,61.08906953231148,9502000
2023-02-07,61.328636169433594,62.286896109580994,60.370376229286194,60.370376229286194,14814100
2023-02-08,58.453857421875,61.32863729508197,57.974727443007176,60.130812347912396,20836300
2023-02-09,57.01646423339844,58.45385408802193,56.53733428185728,58.45385408802193,14351000
2023-02-10,56.77690124511719,58.453856134213474,56.77690124511719,57.016466229273796,9400800
2023-02-13,55.818641662597656,56.776901605303195,55.33951169124489,56.776901605303195,6495700
2023-02-14,56.05820846557617,58.4538584000025,55.81864347213354,56.53733845246144,10297900
2023-02-15,56.77690124511719,58.453856134213474,56.53733626096057,56.77690124511719,9389900
2023-02-16,55.818641662597656,58.69342149071427,55.0999467055685,57.97472653368512,14220900
2023-02-17,54.860382080078125,56.29777200357363,54.38125210557963,55.33951205457662,6656300
2023-02-20,55.579078674316406,56.0582086628881,54.860383691458864,55.33951368003056,2850800
2023-02-21,56.05820846557617,56.297773459018806,55.33951348524827,55.5790784786909,3355300
2023-02-22,53.18342590332031,56.29777066342466,52.943860921773826,55.57907571878519,13517800
2023-02-23,54.381256103515625,54.381256103515625,52.46473606462521,53.183431079209115,6728900
2023-02-24,53.18342590332031,54.38125081105275,52.943860921773826,54.141685829506265,5028500
2023-02-27,53.422996520996094,54.14169154145793,52.46473649371366,52.704301500534264,2545100
2023-02-28,55.339515686035156,58.4538607246432,54.86038568009546,56.058210694944705,31961800
2023-03-01,57.25603103637695,57.73516100320856,55.09994618563473,55.339511169050525,9891200
2023-03-02,54.620819091796875,57.25603404798006,54.38125409578022,57.016469051963405,14194200
2023-03-03,52.22516632080078,54.86038113515311,49.58995150644845,54.86038113515311,37614300
2023-03-07,52.22516632080078,52.70429628704666,48.87125655707963,48.87125655707963,9418200
2023-03-08,50.06908416748047,51.74603913959704,49.58995417544716,51.027344151547084,10666500
2023-03-09,51.98560333251953,52.22516832483529,49.8295184016777,49.8295184016777,7402000
2023-03-10,51.02734375,52.464733714788736,50.787778755868544,51.266908744131456,4950700
2023-03-13,51.99468231201172,52.72018950706304,50.30183219022529,51.02733938527661,8179600
2023-03-14,49.334495544433594,51.75285316916073,49.092659781960876,51.75285316916073,9834200
2023-03-15,49.81816482543945,51.26917933491827,49.81816482543945,50.785507831758665,8052800
2023-03-16,48.608985900878906,49.33449315313083,48.12531439937762,48.850821651629545,8038700
2023-03-17,46.43246078491211,50.543668250242874,45.46511785189311,49.334489583969116,22327800
2023-03-20,45.46512222290039,46.916136761929124,44.739614953386024,46.19062949241476,12524000
2023-03-21,46.19062805175781,46.674299549681976,45.46512080487157,45.46512080487157,6787700
2023-03-22,46.916133880615234,47.39980536392054,45.94879091400461,46.43246239730992,9393600
2023-03-23,48.367149353027344,48.608985099792484,46.67429912567139,46.67429912567139,8529400
2023-03-24,49.092655181884766,49.81816240132149,47.88347648282356,48.367147962448044,9865700
2023-03-27,48.367149353027344,49.576328086853025,48.12531360626221,49.576328086853025,6713200
2023-03-28,48.85082244873047,48.85082244873047,48.125315184640414,48.60898669403379,3177200
2023-03-29,49.092655181884766,49.334490921697004,48.367147962448044,49.334490921697004,7023700
2023-03-30,48.85082244873047,51.02734424100064,48.3671509393371,49.57632971282053,15687900
2023-03-31,48.608985900878906,49.09265740238019,48.12531439937762,49.09265740238019,5168900
2023-04-03,49.334495544433594,49.334495544433594,47.88348096959731,48.850824019488165,6588000
2023-04-04,48.608985900878906,49.81816465463211,48.36715015012826,48.850821651629545,5613000
2023-04-05,45.70695877075195,48.36715213836186,45.46512301006015,48.36715213836186,21613200
2023-04-07,46.67430114746094,47.39980841918313,45.706958118498015,45.706958118498015,5431000
2023-04-10,48.608985900878906,48.850821651629545,46.674299894873776,46.674299894873776,6508000
2023-04-11,48.367149353027344,48.85082084655762,48.12531360626221,48.85082084655762,2729000
2023-04-12,47.64164733886719,48.12531888545467,47.1579757922797,48.12531888545467,5827000
2023-04-17,47.883480072021484,48.36715158790049,47.15797279820298,47.64164431408198,3850200
2023-04-18,48.12531661987305,48.850823905599775,47.39980933414632,48.850823905599775,3682900
2023-04-19,46.43246078491211,47.88347518444061,46.43246078491211,47.88347518444061,6657100
2023-04-20,45.70695877075195,46.67430181351919,45.70695877075195,46.67430181351919,5308200
2023-04-21,42.32125473022461,45.70695510864258,41.353911764962334,45.46511936732701,17392300
2023-04-24,41.11207962036133,43.046765720143036,40.38657233294318,42.07942267025218,10908400
2023-04-25,39.17739486694336,41.83758834556297,38.93555909615976,41.35391680399577,9150100
2023-04-26,39.902896881103516,40.386568358450226,38.9355539264101,39.419225403756805,10210700
2023-04-27,39.66106033325195,40.14473180073063,38.451881664555245,39.902896066991296,13635500
2023-04-28,40.14473342895508,41.83758363379053,39.41922619831131,40.386569172502995,10451400
2023-05-02,39.902896881103516,40.87023983579694,39.419225403756805,40.14473261977687,6418400
2023-05-03,40.14473342895508,40.386569172502995,38.69371896766754,39.41922619831131,7347800
2023-05-08,41.59574890136719,42.07942040022029,40.14473440480787,40.38657015423442,5813900
2023-05-09,40.870243072509766,42.32125761946278,40.62840731468426,41.83758610381177,7032500
2023-05-10,39.66106033325195,40.386567534469975,38.69371739829459,40.14473180073063,13486400
2023-05-11,39.17739486694336,40.386573720861364,38.93555909615976,39.661066408510564,5174300
2023-05-12,39.17739486694336,39.661066408510564,38.21005178380896,39.17739486694336,7134900
2023-05-15,38.693721771240234,39.90290057659149,38.45188601016998,39.661064815521236,5204700
2023-05-16,35.30801773071289,37.24270363376565,35.0661819928313,36.75903215800246,20458600
2023-05-17,35.06618118286133,36.033524112043715,34.82434545056574,35.54985264745252,5695300
2023-05-18,36.759033203125,37.72637618215461,35.7916902240954,35.7916902240954,9559200
2023-05-19,37.48454284667969,37.48454284667969,36.51719980547505,37.000871326077366,8846600
2023-05-22,39.902896881103516,39.902896881103516,35.30801784630978,36.759032278349906,12306000
2023-05-23,40.14473342895508,40.62840491605092,39.17739045476339,40.14473342895508,11753900
2023-05-24,39.66106033325195,40.14473180073063,39.41922459951261,39.66106033325195,4060200
2023-05-25,40.386573791503906,42.80493150357,39.41923070667746,40.870245333917126,20843900
2023-05-26,40.386573791503906,41.112081105123735,39.90290224909069,39.90290224909069,7731000
2023-05-29,40.870243072509766,41.83758610381177,40.62840731468426,41.112078830335264,6755100
2023-05-30,42.32125473022461,42.56309047154018,40.62840454101563,40.870240282331196,10714700
2023-05-31,42.56309127807617,42.56309127807617,41.59574829448353,41.83758404038169,5859500
2023-06-01,41.837581634521484,42.8049245624873,41.837581634521484,42.56308883049584,4247100
2023-06-02,43.0467643737793,43.0467643737793,41.595749844326065,42.56309286396155,6641800
2023-06-06,43.0467643737793,43.77227163850591,42.56309286396155,43.53043588359704,4673500
2023-06-07,44.981449127197266,44.73961337920158,43.28859889122747,43.53043463922316,6772300
2023-06-08,44.7396125793457,44.981448323017844,43.04676237364073,44.7396125793457,10703900
2023-06-09,43.77227020263672,44.981448937516184,43.530434455660824,44.981448937516184,4832000
2023-06-12,44.01410675048828,44.4977782532409,43.53043524773567,43.53043524773567,2254900
2023-06-13,46.19062805175781,46.674299549681976,44.9814493069474,44.9814493069474,12998000
2023-06-14,45.70695877075195,46.43246605282738,45.22328724936834,46.43246605282738,5708400
2023-06-15,45.46512222290039,46.43246524891955,45.46512222290039,45.70695797940518,6526200
2023-06-16,45.948795318603516,46.674302613107784,45.70695955376876,46.19063108343828,5949500
2023-06-19,46.916133880615234,46.916133880615234,44.98144794739399,45.706955172351954,8115000
2023-06-20,45.70695877075195,46.43246605282738,44.98145148867653,45.94879453144377,10394300
2023-06-21,44.01410675048828,45.70695701012245,43.28859949635935,45.22328550736983,12108000
2023-06-22,42.32125473022461,44.25594066074916,41.83758324759347,44.25594066074916,13082600
2023-06-23,42.32125473022461,43.288597695486885,41.83758324759347,42.07941898890904,7337800
2023-06-26,40.6284065246582,42.56309254964192,40.6284065246582,42.32125679651896,8458700
2023-06-27,42.07942199707031,42.563093514278016,40.87024320405105,40.87024320405105,4655500
2023-06-28,42.32125473022461,43.288597695486885,41.5957475062779,43.046761954171316,9027900
2023-06-29,44.255943298339844,44.73961480979711,42.079421496782146,42.80492876396804,8836400
2023-06-30,45.70695877075195,45.94879453144377,44.014108445909294,44.2559442066011,8470900
2023-07-03,44.981449127197266,46.43246361517137,44.73961337920158,46.43246361517137,5536000
2023-07-04,44.255943298339844,45.46512207698301,44.255943298339844,44.98145056552574,6031600
2023-07-05,44.01410675048828,44.73961400461721,43.046763744983046,43.53043524773567,6153500
2023-07-06,43.28860092163086,44.49777971832446,43.28860092163086,44.25594395898574,3615800
2023-07-07,42.804927825927734,43.77227082764362,42.3212563250698,43.28859932678568,3964500
2023-07-10,42.56309127807617,43.28859851577065,41.59574829448353,42.80492702397433,3907400
2023-07-11,43.28860092163086,43.53043668096958,42.32125788427598,43.04676516229214,4700300
2023-07-12,41.59574890136719,44.01410639563272,41.35391315194064,43.53043489677962,5018900
2023-07-13,43.0467643737793,43.288600128688174,41.837585599234934,42.32125710905268,4888600
2023-07-14,45.948795318603516,46.43246684827303,43.28860190542121,43.28860190542121,13530200
2023-07-17,47.1579704284668,47.1579704284668,45.706955953744746,46.19062744531876,7181700
2023-07-18,49.334495544433594,49.818167069379015,47.6416452071246,47.6416452071246,18659500
2023-07-19,48.85082244873047,50.0600012222139,48.3671509393371,49.57632971282053,12192100
2023-07-20,47.883480072021484,49.33449461965849,46.91613704026347,48.85082310377949,20516400
2023-07-21,45.948795318603516,47.15797414277729,45.46512378893401,46.674302613107784,18925600
2023-07-24,45.22328567504883,47.15797169323274,44.739614170502854,46.19062868414078,11093000
2023-07-25,45.46512222290039,45.70695797940518,44.49777919688123,45.2232864663956,10633600
2023-07-26,45.70695877075195,46.43246605282738,44.98145148867653,45.94879453144377,11233900
2023-07-27,48.12531661987305,47.88348085796414,45.46512323887504,45.706959000783954,11758000
2023-07-31,49.092655181884766,49.334490921697004,48.60898370226028,49.092655181884766,5369600
2023-08-02,48.12531661987305,50.06000271514433,47.88348085796414,48.850823905599775,14419600
2023-08-03,47.1579704284668,47.64164192004082,46.43246319110577,47.39980617425381,7191800
2023-08-04,46.916133880615234,48.60898407218382,46.43246239730992,47.15796962226789,13876800
2023-08-07,47.399803161621094,47.88347462245397,46.19062450953893,46.91613170078823,6261700
2023-08-08,46.916133880615234,48.125312588878515,46.67429813896258,47.6416411055732,7112500
2023-08-09,47.64164733886719,49.33449775192338,45.94879692581099,47.399811565573444,25436100
2023-08-10,48.608985900878906,48.608985900878906,47.15797139637505,47.88347864862698,10941000
2023-08-11,50.54367446899414,50.78551023200368,47.883481075889186,48.60898836491781,26254100
2023-08-15,50.54367446899414,51.02734599501323,49.81816717996552,50.78551023200368,12895600
2023-08-16,57.79874801635742,58.76609107939269,52.962032701181066,53.20386846693989,84531300
2023-08-17,58.28241729736328,59.49159607946625,57.07323851526031,58.52425305378387,26341800
2023-08-18,57.79874801635742,59.73343414242796,57.5569122505986,57.79874801635742,19664200
2023-08-21,57.556907653808594,59.00792213247604,57.31507190736402,58.040579146697745,16099700
2023-08-22,60.700775146484375,60.942610904040095,57.07323878314866,58.52425332848295,33862100
2023-08-23,60.700775146484375,61.42628241915152,59.491596358705806,60.942610904040095,18860400
2023-08-24,60.94260787963867,63.84463682628813,60.70077213408455,62.393622352963405,26805300
2023-08-25,60.700775146484375,61.18444666159581,58.52425332848295,59.97526787381723,16253400
2023-08-28,59.733428955078125,60.94260767886514,59.49159321032073,60.700771934107735,8760600
2023-08-29,60.45893859863281,61.426281616210936,59.73343133544922,59.73343133544922,10067900
2023-08-30,61.184444427490234,62.39362317111652,60.70077293003972,61.66811592494075,11703000
2023-08-31,60.21710205078125,61.66811655802899,59.73343054836534,61.66811655802899,12544800
2023-09-01,59.97526931762695,60.942612371137066,59.24976202749437,60.21710508100448,12956000
2023-09-04,59.733428955078125,60.94260767886514,59.24975746556333,60.21710044459293,8458000
2023-09-05,59.733428955078125,60.45893618935033,59.24975746556333,59.733428955078125,5130600
2023-09-06,57.79874801635742,59.73343414242796,57.5569122505986,59.73343414242796,15181200
2023-09-07,58.04058074951172,58.524252255757645,57.556909243265785,57.556909243265785,6494800
2023-09-08,58.04058074951172,58.766088008880615,57.31507349014282,58.04058074951172,6181600
2023-09-11,58.52425003051758,59.49159300622861,57.556907054806544,58.04057854266206,11265600
2023-09-12,59.49159622192383,60.458939249922594,58.28241743692538,59.00792470792445,12314700
2023-09-13,58.04058074951172,59.24975951512654,57.556909243265785,59.00792376200358,14335400
2023-09-14,59.49159622192383,59.73343197892352,58.04058167992569,58.04058167992569,8868400
2023-09-15,59.249755859375,59.97526307397959,58.52424864477041,59.73342733577806,6775000
2023-09-18,56.83140182495117,57.798744834737576,56.10589456761137,57.55690908229098,22074200
2023-09-19,57.3150749206543,57.55691067981318,56.347731884018785,57.07323916149542,8793700
2023-09-20,56.83140182495117,57.798744834737576,56.589566072504574,57.55690908229098,5387900
2023-09-21,56.83140182495117,57.798744834737576,56.10589456761137,56.589566072504574,7439000
2023-09-22,57.79874801635742,57.79874801635742,55.86406189028688,56.83140495332215,9309000
2023-09-25,57.556907653808594,59.00792213247604,57.556907653808594,57.798743400253166,6930300
2023-09-26,57.556907653808594,58.76608638603146,57.31507190736402,57.798743400253166,7454100
2023-09-27,57.79874801635742,58.04058378211624,56.83140495332215,57.073240719080964,4121700
2023-09-28,59.49159622192383,60.2171034929229,57.798745922925995,58.28241743692538,20069700
2023-09-29,57.556907653808594,59.24975787892061,57.31507190736402,59.24975787892061,16597200
2023-10-02,59.0079231262207,59.975266128289896,57.798744373634214,57.798744373634214,9329800
2023-10-03,59.49159622192383,60.2171034929229,58.76608895092476,59.00792470792445,12542800
2023-10-04,59.97526931762695,60.45894084438201,58.76609050073932,59.24976202749437,12505700
2023-10-05,59.49159622192383,60.700775006922285,59.249760464924144,60.2171034929229,14430000
2023-10-06,58.76608657836914,60.70077255625784,58.76608657836914,59.733429567313486,10622200
2023-10-09,55.622222900390625,59.733430679984714,54.413044141686484,58.52425192128057,14834100
2023-10-10,58.52425003051758,58.76608577444534,56.10589259123999,56.58956407909551,17204200
2023-10-11,63.1191291809082,63.36096492489635,58.766085789121426,59.00792153310958,36149900
2023-10-12,62.635459899902344,64.086474414958,61.90995264237452,63.360967157430174,16959800
2023-10-16,59.97526931762695,61.66811966126965,57.7987474472292,61.66811966126965,34689400
2023-10-17,55.622222900390625,57.315073162576425,54.65487989342731,57.073237410835596,68450000
2023-10-18,56.34772872924805,57.31507171172441,55.138550001152595,55.138550001152595,28586900
2023-10-19,56.10589599609375,56.58956751330145,55.38038872028219,56.10589599609375,11786700
2023-10-20,53.68753433227539,55.86405599439467,53.68753433227539,55.86405599439467,28596000
2023-10-24,53.2038688659668,54.1712119362571,52.47836156324907,54.1712119362571,15797100
2023-10-25,53.68753433227539,54.89671303345277,53.203862851804445,54.171205812746344,50873100
2023-10-26,50.060001373291016,53.445701949262386,50.060001373291016,52.962030438409336,19906300
2023-10-27,51.75284957885742,51.99468532455302,49.576327867597065,51.027342341770634,23606500
2023-10-30,52.72019577026367,53.687538811919886,50.785509686951244,51.269181207779354,18682800
2023-10-31,50.54367446899414,52.962032099089555,49.81816717996552,52.962032099089555,13040000
2023-11-01,51.26918029785156,51.99468756621739,50.54367302948574,50.54367302948574,9354100
2023-11-02,52.96202850341797,53.44569999659987,51.75284977046322,51.99468551705417,11652200
2023-11-03,53.2038688659668,53.92937616868453,52.23652579567649,53.68754040111195,10694900
2023-11-06,53.2038688659668,54.1712119362571,53.2038688659668,53.92937616868453,6379200
2023-11-07,52.47835922241211,53.203866492768036,52.236523465626796,52.236523465626796,5237400
2023-11-08,51.75284957885742,53.445699798726594,51.26917808746623,52.720192561639806,5656300
2023-11-09,50.54367446899414,51.75285328404185,49.33449565394643,51.51101752103231,17109200
2023-11-10,49.092655181884766,50.5436696207582,49.092655181884766,49.81816240132149,9553900
2023-11-13,49.334495544433594,50.301838594324444,49.334495544433594,49.818167069379015,9143100
2023-11-14,42.804927825927734,47.39980708407817,41.353913323353915,47.1579713336492,53428000
2023-11-15,46.67430114746094,46.916136904701666,43.77227206057218,43.77227206057218,32283000
2023-11-16,43.77227020263672,46.19062767239565,43.77227020263672,45.94879192541976,24185800
2023-11-17,42.07942199707031,43.288600790089575,41.59575047986261,42.07942199707031,33102800
2023-11-20,43.28860092163086,43.28860092163086,41.59575060625982,41.83758636559854,13699300
2023-11-21,44.01410675048828,44.73961400461721,43.772270999111974,44.01410675048828,11651300
2023-11-22,43.77227020263672,44.01410594961261,43.046762961709035,43.77227020263672,7570400
2023-11-23,43.28860092163086,44.25594395898574,43.04676516229214,44.01410819964702,6552500
2023-11-24,42.56309127807617,44.01410575346513,42.56309127807617,43.53043426166881,7762400
2023-11-27,42.32125473022461,42.80492621285575,42.07941898890904,42.56309047154018,5026400
2023-11-28,42.81052017211914,43.05515171595982,42.0766255405971,42.56588862827846,5020000
2023-11-29,43.54441452026367,44.278309147009686,42.32125680902031,43.05515143576633,14799500
2023-11-30,43.78904724121094,44.03367879004452,43.055152594710194,43.299784143543775,9314800
2023-12-01,45.746097564697266,46.47999217803466,43.78904526246423,44.76757141358075,25372300
2023-12-04,44.52294158935547,45.50146777813251,44.52294158935547,45.25683623093825,7829200
2023-12-06,44.52294158935547,45.74609932532677,44.52294158935547,45.01220468374399,10511200
2023-12-07,43.54441452026367,44.278309147009686,43.54441452026367,43.78904606251234,6551100
2023-12-08,45.746097564697266,45.746097564697266,44.033676800243356,44.27830833802249,14055600
2023-12-12,45.2568359375,46.72462521114865,44.767572846283784,45.990730574324324,11439700
2023-12-13,44.767574310302734,45.25683741751916,44.522942756694526,45.01220586391095,6103400
2023-12-14,48.43704605102539,48.68167759673764,45.990730593902896,45.990730593902896,26697000
2023-12-15,47.94778060913086,48.43704367657097,47.45851754169075,47.94778060913086,11373600
2023-12-18,49.17094039916992,49.4155719434444,47.70315113352306,47.947782677797534,10876500
2023-12-19,50.638729095458984,50.88336063698294,48.68167676326733,49.66020292936316,16738300
2023-12-20,51.61725616455078,52.106519256157895,50.14946688972943,50.8833615271401,17291600
2023-12-21,52.840415954589844,52.840415954589844,50.638731956481934,50.883363511827255,9707000
2023-12-22,52.840415954589844,53.574310620625816,52.3511528438992,53.085047509935166,9284200
2023-12-25,52.35115051269531,53.57430823495455,52.10651896824346,52.59578205714716,5026700
2023-12-26,52.840415954589844,53.085047509935166,51.372626622517906,52.3511528438992,9852700
2023-12-27,51.127994537353516,52.840415407025645,51.127994537353516,52.840415407025645,10575100
2023-12-28,52.10652160644531,52.35115316328308,51.12799537909422,51.12799537909422,6399400
2024-01-03,52.840415954589844,53.574310620625816,52.3511528438992,53.085047509935166,13321600
2024-01-04,51.61725616455078,52.35115080196145,51.372624618747224,52.35115080196145,11102500
2024-01-05,49.90483856201172,52.106522616218115,49.17094387727625,51.37262793148265,23025700
2024-01-08,50.638729095458984,50.88336063698294,49.4155713878392,49.4155713878392,6218900
2024-01-09,50.394100189208984,52.10652106942482,50.394100189208984,51.861889515108274,11031000
2024-01-10,50.394100189208984,51.12799485215863,49.90483708057589,50.63873174352553,6885700
2024-01-11,50.14946746826172,50.88336211413872,50.14946746826172,50.63873056551305,6190300
2024-01-12,51.127994537353516,51.617257642974124,49.41557366768139,49.904836773301994,7584000
2024-01-15,50.14946746826172,51.37262521139005,50.14946746826172,50.88336211413872,4084600
2024-01-16,49.41557312011719,50.14946777041596,49.41557312011719,49.90483622031637,5120600
2024-01-17,49.17094039916992,50.39409812054231,48.926308854895446,49.17094039916992,9866100
2024-01-18,47.70315170288086,49.170940986046425,47.21388860849233,49.170940986046425,11512300
2024-01-19,48.926307678222656,50.14946537017823,48.437044601440434,49.170939216613775,11198200
2024-01-22,48.19241714477539,50.14946961765967,47.94778558566485,49.6602064994386,8135700
2024-01-23,46.96925354003906,49.170937299728394,46.96925354003906,48.43704271316528,7746000
2024-01-24,47.458518981933594,47.94778206422157,45.99072973506967,46.47999281735765,11783800
2024-01-25,46.72462463378906,47.213887718959626,46.2353615486185,46.969256176374344,4597200
2024-01-26,45.501468658447266,46.72462641808295,45.012205554592995,46.23536331422867,12877400
2024-01-29,46.2353630065918,46.47999455689122,45.012205255094656,45.990731456292366,6246700
2024-01-30,46.96925354003906,47.4585165977478,45.99072742462158,45.99072742462158,5152600
2024-01-31,46.72462463378906,46.969256176374344,46.2353615486185,46.969256176374344,5114000
2024-02-01,46.47999572753906,46.724627283999794,45.01220638877467,45.9907326146176,7271000
2024-02-02,47.458518981933594,48.19241360536556,47.213887440789605,47.213887440789605,7416200
2024-02-05,49.17094039916992,49.4155719434444,47.45851958924858,47.70315113352306,6896200
2024-02-06,49.66020202636719,50.14946510051859,49.170938952215785,49.170938952215785,6594500
2024-02-07,49.17094039916992,50.149466576267834,48.68167731062097,49.90483503199335,7164300
2024-02-08,48.926307678222656,49.660202293396,48.926307678222656,49.170939216613775,4610900
2024-02-09,48.681678771972656,49.41557342682652,48.681678771972656,48.92631032359061,3382100
2024-02-12,49.17094039916992,49.660203487718874,48.68167731062097,48.926308854895446,4725500
2024-02-13,47.94778060913086,50.39409594633142,47.94778060913086,49.41556981145119,9913500
2024-02-14,45.746097564697266,47.21388679137205,45.25683448913901,46.724623715813784,12902500
2024-02-15,45.99073028564453,46.47999337378968,45.50146719749937,45.99073028564453,8696900
2024-02-16,43.78904724121094,46.479994278380325,43.78904724121094,46.23536272954674,9941300
2024-02-19,44.2783088684082,44.76757194982707,43.78904578698933,43.78904578698933,5590000
2024-02-20,42.32125473022461,44.27830697208471,42.0766231999921,44.27830697208471,12955200
2024-02-21,42.07662582397461,42.81052046043928,41.34273118750993,42.07662582397461,12010600
2024-02-22,42.32125473022461,43.05514932092215,42.0766231999921,42.81051779068963,9132700
2024-02-23,40.60883712768555,43.05515261730516,40.60883712768555,43.05515261730516,18795500
2024-02-27,40.60883712768555,41.34273177457143,40.11957402976162,40.60883712768555,8887100
2024-02-28,35.22694396972656,36.45010174645318,34.73768085903592,35.22694396972656,62099800
2024-02-29,36.20547103881836,37.18399728311075,35.71620791667217,35.71620791667217,27408500
2024-03-01,35.22694396972656,36.6947333017985,34.98231241438124,36.45010174645318,18320000
2024-03-04,35.22694396972656,35.71620708041721,34.98231241438124,35.22694396972656,10546000
2024-03-05,35.960838317871094,36.694732977419484,34.49304899877431,35.2269436583227,21869200
2024-03-06,36.69472885131836,36.93936037699382,35.47157122294108,35.71620274861654,11352900
2024-03-07,36.93936538696289,37.18399694581695,36.20547071040071,36.69473382810883,9826300
2024-03-08,38.40715026855469,38.651781798927644,36.93936108631693,36.93936108631693,16222700
2024-03-11,38.65178298950195,39.141046065318434,37.91788837577723,38.40715145159371,12913800
2024-03-12,38.65178298950195,38.65178298950195,38.65178298950195,38.65178298950195,0
2024-03-13,38.40401840209961,38.899554123417026,38.156250541440905,38.156250541440905,4503400
2024-03-14,37.90848159790039,38.40401730506249,37.660713744319345,38.40401730506249,8261300
2024-03-15,37.90848159790039,37.90848159790039,37.90848159790039,37.90848159790039,0
2024-03-18,38.15625,39.14732142857143,38.15625,38.15625,8592500
2024-03-19,37.41294479370117,38.15624833264888,37.16517694738527,37.90848048633298,7862100
2024-03-20,37.41294479370117,37.41294479370117,37.41294479370117,37.41294479370117,0
2024-03-21,38.65178298950195,39.89062218788342,37.90847947047307,38.15624731014936,25419100
2024-03-22,38.65178298950195,38.65178298950195,38.65178298950195,38.65178298950195,0
2024-03-25,37.66071319580078,38.89955244566265,37.412945345828405,38.65178459569027,17667900
2024-03-26,37.66071319580078,37.66071319580078,37.66071319580078,37.66071319580078,0
2024-03-27,39.14731979370117,39.64285548729232,38.899551946905596,39.14731979370117,10517300
2024-03-28,39.14731979370117,39.14731979370117,39.14731979370117,39.14731979370117,0
2024-03-29,39.39508819580078,39.64285604608884,38.65178464493662,39.147320345512725,4059400
2024-04-01,39.39508819580078,39.890623896376894,39.147320345512725,39.64285604608884,4988400
2024-04-02,39.64285659790039,39.890624451637265,39.147320890426634,39.39508874416351,12097000
2024-04-03,38.89955139160156,39.39508707811878,38.89955139160156,39.14731923486017,7223300
2024-04-04,38.40401840209961,39.14732198407573,38.40401840209961,38.899554123417026,4394900
2024-04-05,38.89955139160156,39.14731923486017,37.908480018567126,38.15624786182573,4241700
2024-04-09,39.39508819580078,39.64285604608884,38.65178464493662,38.89955249522467,8227900
2024-04-10,39.890625,40.63392857142857,39.642857142857146,39.642857142857146,16002300
2024-04-11,38.89955139160156,39.64285492137739,38.651783548342955,39.39508707811878,11240200
2024-04-17,38.89955139160156,38.89955139160156,38.89955139160156,38.89955139160156,0
2024-04-18,38.89955139160156,38.89955139160156,38.89955139160156,38.89955139160156,0
2024-04-19,38.89955139160156,38.89955139160156,38.89955139160156,38.89955139160156,0
2024-04-22,36.421875,36.66964285714286,35.67857142857143,36.421875,10882300
2024-04-23,37.41294479370117,37.660712640017074,36.669641254753465,36.91740910106937,5735600
2024-04-24,38.65178298950195,39.14731866885454,37.660711630796776,38.15624731014936,17336700
2024-04-25,39.14731979370117,39.39508764049675,38.40401625331444,38.40401625331444,8883600
2024-04-26,38.89955139160156,39.39508707811878,38.89955139160156,38.89955139160156,5558300
2024-04-29,38.15625,39.14732142857143,37.660714285714285,38.89955357142857,9866500
2024-04-30,38.40401840209961,38.651786262758314,37.90848268078219,38.156250541440905,4370300
2024-05-02,37.66071319580078,38.404016745717904,37.66071319580078,38.15624889574553,5396300
2024-05-03,37.90848159790039,38.40401730506249,37.660713744319345,37.90848159790039,3294000
2024-05-07,37.90848159790039,37.90848159790039,37.90848159790039,37.90848159790039,0
2024-05-08,38.89955139160156,39.39508707811878,38.651783548342955,39.14731923486017,3696600
2024-05-09,38.15625,39.14732142857143,38.15625,38.651785714285715,4691500
2024-05-10,38.65178298950195,38.65178298950195,37.90847947047307,38.40401514982566,4275400
2024-05-13,39.14731979370117,39.39508764049675,37.66071271292771,38.65178410011002,8537100
2024-05-14,40.38615798950195,40.633925829928344,38.8995509469436,39.39508662779638,13915000
2024-05-15,39.14731979370117,40.63392687447463,38.15624840651886,39.39508764049675,31377900
2024-05-16,39.14731979370117,39.14731979370117,39.14731979370117,39.14731979370117,0
2024-05-17,40.88169479370117,41.62499833540483,39.64285555752841,39.89062340476296,23938900
2024-05-20,40.88169479370117,40.88169479370117,40.88169479370117,40.88169479370117,0
2024-05-21,40.88169479370117,40.88169479370117,40.88169479370117,40.88169479370117,0
2024-05-23,40.38615798950195,40.881693670354736,39.89062230864917,40.13839014907556,9926500
2024-05-24,40.38615798950195,40.38615798950195,40.38615798950195,40.38615798950195,0
2024-05-27,40.38615798950195,40.38615798950195,40.38615798950195,40.38615798950195,0
2024-05-28,40.13839340209961,40.633929123113184,39.89062554159282,40.38616126260639,4044700
2024-05-29,39.14731979370117,40.38615902767906,38.899551946905596,39.890623334087906,7456400
2024-05-30,39.14731979370117,39.14731979370117,39.14731979370117,39.14731979370117,0
2024-05-31,39.14731979370117,39.14731979370117,39.14731979370117,39.14731979370117,0
2024-06-04,39.14731979370117,40.63392687447463,39.14731979370117,40.38615902767906,8097500
2024-06-05,39.14731979370117,39.14731979370117,39.14731979370117,39.14731979370117,0
2024-06-06,41.37723159790039,41.624999451780035,39.890624474622534,40.13839232850218,30496100
2024-06-07,41.37723159790039,41.37723159790039,41.37723159790039,41.37723159790039,0
2024-06-10,41.12946319580078,41.624998896955006,39.64285609233811,40.386159644069444,9176900
2024-06-11,42.61606979370117,43.11160548897677,41.12946270787439,41.62499840314998,20180300
2024-06-12,45.34151840209961,45.34151840209961,42.86383980089198,42.86383980089198,30250400
2024-06-13,45.09375,46.08482142857143,44.845982142857146,46.08482142857143,17902100
2024-06-14,45.09375,45.83705357142857,44.845982142857146,45.09375,8650300
2024-06-17,44.84598159790039,45.341517306164484,43.854910181372205,44.84598159790039,10260400
2024-06-18,45.83705139160156,46.08481923696157,45.09374785552154,45.58928354624155,12079000
2024-06-19,45.83705139160156,45.83705139160156,45.83705139160156,45.83705139160156,0
2024-06-20,47.57142639160156,48.06696208318074,47.07589070002238,47.81919423739115,11256300
2024-06-21,47.32365798950195,47.819193675255896,46.58035446087103,46.828122303748,8503600
2024-06-24,47.32365798950195,47.32365798950195,47.32365798950195,47.32365798950195,0
2024-06-25,47.32365798950195,47.32365798950195,47.32365798950195,47.32365798950195,0
2024-06-26,47.32365798950195,47.32365798950195,47.32365798950195,47.32365798950195,0
2024-06-27,45.83705139160156,46.33258708232158,45.341515700881544,45.341515700881544,5511800
2024-06-28,46.08481979370117,46.3325876420544,45.5892840969947,46.3325876420544,4983300
2024-07-01,46.08481979370117,46.580355490407634,44.59821270358178,45.83705194534794,10552700
2024-07-02,44.35044479370117,46.580355425786706,44.10267694569167,46.580355425786706,13043100
2024-07-03,45.83705139160156,46.33258708232158,44.102676474081505,44.350444319441515,9159000
2024-07-04,47.57142639160156,47.81919423739115,46.3325871626536,46.3325871626536,12194100
2024-07-05,48.06696319580078,48.56249889885027,47.32365964122654,47.81919534427603,10771300
2024-07-08,48.06696319580078,48.31473104732552,47.32365964122654,48.31473104732552,4631600
2024-07-09,48.06696319580078,48.06696319580078,48.06696319580078,48.06696319580078,0
2024-07-10,47.57142639160156,48.31472992897034,47.323658545811966,47.81919423739115,4108800
2024-07-11,48.31473159790039,49.30580301529322,48.066963743552186,48.31473159790039,10606000
2024-07-12,48.31473159790039,48.31473159790039,48.31473159790039,48.31473159790039,0
2024-07-15,48.31473159790039,48.31473159790039,48.31473159790039,48.31473159790039,0
2024-07-16,48.06696319580078,48.81026675037502,47.81919534427603,48.56249889885027,7519900
2024-07-17,48.06696319580078,48.06696319580078,48.06696319580078,48.06696319580078,0
2024-07-18,44.84598159790039,45.58928516029653,44.3504458896363,45.341517306164484,13084700
2024-07-19,46.58035659790039,47.32366016063284,44.84598161819133,44.84598161819133,11802500
2024-07-23,45.34151840209961,47.32366128306572,45.09375054197885,47.32366128306572,7768700
2024-07-24,46.08481979370117,46.580355490407634,45.09374840028824,45.341516248641476,6489800
2024-07-25,44.84598159790039,45.341517306164484,43.854910181372205,44.59821374376834,13718300
2024-07-26,45.58928298950195,45.58928298950195,44.350443777830705,44.84597946249921,4983200
2024-07-30,45.58928298950195,45.58928298950195,45.58928298950195,45.58928298950195,0
2024-07-31,46.08481979370117,46.580355490407634,45.5892840969947,46.580355490407634,5870200
2024-08-01,46.08481979370117,47.075891187114095,45.83705194534794,46.580355490407634,7539700
2024-08-02,46.08481979370117,46.08481979370117,46.08481979370117,46.08481979370117,0
2024-08-05,41.12946319580078,43.3593738509948,40.63392749464656,43.11160600041769,13854500
2024-08-06,40.13839340209961,42.61607200716748,39.89062554159282,42.3683041466607,9957200
2024-08-07,41.37723159790039,41.87276730565968,40.8816958901411,41.12946374402075,5610900
2024-08-08,41.37723159790039,41.37723159790039,41.37723159790039,41.37723159790039,0
2024-08-09,40.13839340209961,42.3683041466607,39.642857681086035,42.12053628615391,10952000
2024-08-13,40.63392639160156,41.12946207930402,39.89062286004788,40.138390703899105,4507800
2024-08-14,40.63392639160156,41.87276561085771,40.138390703899105,41.37722992315525,14800500
2024-08-15,38.40401840209961,40.13839342671056,38.156250541440905,39.64285770539314,13398700
2024-08-16,39.14731979370117,39.39508764049675,38.65178410011002,38.899551946905596,6121200
2024-08-19,40.38615798950195,40.38615798950195,38.8995509469436,39.14731878736999,4473200
2024-08-20,40.88169479370117,41.37723048817028,40.633926946466616,40.88169479370117,9556200
2024-08-21,40.38615798950195,41.377229351207525,40.38615798950195,40.633925829928344,4954100
2024-08-22,40.38615798950195,40.38615798950195,40.38615798950195,40.38615798950195,0
2024-08-23,38.15625,38.40401785714286,37.660714285714285,38.40401785714286,15745900
2024-08-26,38.15625,38.40401785714286,37.660714285714285,37.660714285714285,8111600
2024-08-27,38.89955139160156,39.14731923486017,37.66071217530852,38.15624786182573,14130000
2024-08-28,39.64285659790039,40.13839230537415,38.89955303668976,39.147320890426634,17766400
2024-08-29,38.40401840209961,39.395089844734436,38.156250541440905,39.14732198407573,7239500
2024-08-30,38.65178298950195,39.39508650853084,38.40401514982566,38.65178298950195,8336800
2024-09-02,38.65178298950195,38.65178298950195,38.65178298950195,38.65178298950195,0
2024-09-03,38.65178298950195,38.65178298950195,38.65178298950195,38.65178298950195,0
2024-09-04,38.65178298950195,38.65178298950195,38.65178298950195,38.65178298950195,0
2024-09-05,39.14731979370117,39.14731979370117,38.65178410011002,39.14731979370117,7665100
2024-09-06,37.66071319580078,39.14732029563502,37.66071319580078,38.89955244566265,17381700
2024-09-09,37.66071319580078,37.66071319580078,37.66071319580078,37.66071319580078,0
2024-09-10,38.89955139160156,39.39508707811878,38.651783548342955,38.89955139160156,13968900
2024-09-11,38.15625,39.14732142857143,38.15625,38.89955357142857,9061600
2024-09-12,38.40401840209961,39.14732198407573,38.40401840209961,38.651786262758314,9951100
2024-09-13,38.15625,38.651785714285715,38.15625,38.651785714285715,4107000
2024-09-16,38.15625,38.15625,38.15625,38.15625,0
2024-09-17,39.14731979370117,39.14731979370117,37.66071271292771,37.90848055972329,13110600
2024-09-18,39.14731979370117,39.14731979370117,39.14731979370117,39.14731979370117,0
2024-09-19,39.14731979370117,39.14731979370117,39.14731979370117,39.14731979370117,0
2024-09-20,40.88169479370117,41.62499833540483,40.88169479370117,41.37723048817028,9973100
2024-09-23,40.38615798950195,40.881693670354736,40.13839014907556,40.881693670354736,9639200
2024-09-24,42.36830139160156,42.36830139160156,40.13839079204359,40.38615863643892,22865400
2024-09-25,41.87276840209961,43.111607703936876,41.625000541732156,42.86383984356942,13917300
2024-09-26,41.12946319580078,42.12053459810924,40.63392749464656,42.12053459810924,12384500
2024-09-27,41.12946319580078,41.12946319580078,41.12946319580078,41.12946319580078,0
2024-09-30,40.38615798950195,40.881693670354736,39.89062230864917,40.633925829928344,7758900
2024-10-01,43.359375,43.60714285714286,40.63392857142857,40.63392857142857,30799200
2024-10-02,41.87276840209961,43.111607703936876,41.3772326813647,42.86383984356942,27073900
2024-10-03,40.63392639160156,41.87276561085771,40.63392639160156,41.87276561085771,16116300
2024-10-04,40.63392639160156,40.63392639160156,40.63392639160156,40.63392639160156,0
2024-10-07,41.12946319580078,42.12053459810924,41.12946319580078,41.87276674753212,10208200
2024-10-08,41.12946319580078,41.624998896955006,40.63392749464656,40.88169534522367,13206000
2024-10-09,40.88169479370117,42.12053402987394,40.633926946466616,41.37723048817028,11186500
2024-10-10,41.37723159790039,41.87276730565968,40.8816958901411,40.8816958901411,13118700
2024-10-11,40.63392639160156,41.62499776700648,40.386158547750334,41.12946207930402,12468500
2024-10-15,40.63392639160156,41.37722992315525,40.63392639160156,40.88169423545279,9107500
2024-10-16,40.63392639160156,40.63392639160156,40.63392639160156,40.63392639160156,0
2024-10-17,37.90848159790039,39.64285657296773,37.90848159790039,39.39508871938668,20531200
2024-10-18,37.90848159790039,38.89955301222459,37.660713744319345,37.90848159790039,13982700
2024-10-21,38.65178298950195,38.65178298950195,37.90847947047307,37.90847947047307,5303200
2024-10-22,38.65178298950195,38.65178298950195,38.65178298950195,38.65178298950195,0
2024-10-24,37.90848159790039,38.651785158643534,37.90848159790039,38.156249451481436,4664800
2024-10-25,38.15625,38.15625,37.908482142857146,38.15625,3513300
2024-10-28,37.41294479370117,38.15624833264888,37.41294479370117,38.15624833264888,6144400
2024-10-29,37.41294479370117,37.41294479370117,37.41294479370117,37.41294479370117,0
2024-10-30,36.421875,37.16517857142857,36.174107142857146,36.174107142857146,5932300
2024-10-31,37.90848159790039,38.40401730506249,36.17410662283305,36.17410662283305,11993600
2024-11-01,37.41294479370117,37.90848048633298,36.91740910106937,37.660712640017074,5699800
2024-11-04,37.16517639160156,37.908479919433596,37.16517639160156,37.66071207682292,3378800
2024-11-05,38.15625,38.651785714285715,37.41294642857143,37.41294642857143,7027600
2024-11-06,39.14731979370117,40.13839118088348,38.65178410011002,38.65178410011002,36845600
2024-11-07,38.15625,39.395089285714285,37.660714285714285,39.395089285714285,13687900
2024-11-08,37.16517639160156,38.15624776204427,36.917408548990885,38.15624776204427,11551200
2024-11-11,36.66964340209961,37.1651791237496,35.926339819624616,37.1651791237496,5490800
2024-11-12,34.93526840209961,36.6696434291542,34.687500541091815,36.6696434291542,8776400
2024-11-13,34.6875,35.926339285714285,33.448660714285715,34.439732142857146,16986700
2024-11-14,29.979909896850586,32.457588400722535,29.979909896850586,32.20982055033534,49791700
2024-11-15,29.979909896850586,30.970981298399366,28.988838495301806,30.22767774723778,16775200
2024-11-18,30.72321319580078,30.72321319580078,29.48437395403462,29.979909650741085,7063200
2024-11-19,29.484375,31.21875,29.484375,30.72321428571429,15868600
2024-11-20,28.98883819580078,29.484373891455498,28.24553465231871,29.23660604362814,22368000
2024-11-21,27.50223159790039,29.236606563533748,27.50223159790039,28.988838711300414,18015600
2024-11-22,27.50223159790039,28.245535154600404,27.254463745667053,27.74999945013373,10176600
2024-11-25,27.50223159790039,28.245535154600404,27.254463745667053,28.245535154600404,8394800
2024-11-26,28.245534896850586,29.236606296740078,27.502231346933463,27.74999919690584,15863800
2024-11-27,27.75,28.493303571428573,27.75,28.245535714285715,6940200
2024-11-28,27.75,28.0,27.5,27.75,2745000
2024-11-29,27.25,28.5,26.75,27.75,10230000
2024-12-02,27.5,27.75,26.75,27.5,6630400
2024-12-03,26.5,27.5,26.0,27.5,15505700
2024-12-04,27.0,27.25,26.5,26.5,7634700
2024-12-06,27.0,27.0,26.25,26.75,5120700
2024-12-09,26.25,27.0,26.0,27.0,4835500
2024-12-11,26.0,27.0,26.0,26.25,6355500
2024-12-12,25.5,27.0,25.25,26.25,11561100
2024-12-13,25.75,26.0,25.25,25.25,4917400
2024-12-16,25.0,25.75,25.0,25.75,3720400
2024-12-17,23.700000762939453,25.75,23.700000762939453,25.25,19755000
2024-12-18,23.100000381469727,24.100000381469727,23.0,23.899999618530273,20856700
2024-12-19,24.299999237060547,25.25,23.0,23.0,48889300
2024-12-20,24.0,24.899999618530273,24.0,24.299999237060547,28026300
2024-12-23,25.25,25.5,24.100000381469727,24.200000762939453,13774200
2024-12-24,25.5,25.75,25.0,25.5,6424000
2024-12-25,26.0,26.0,25.25,25.5,5151700
2024-12-26,25.5,26.25,25.25,26.25,6059500
2024-12-27,25.25,25.75,25.0,25.25,5992500
2024-12-30,24.700000762939453,25.5,24.700000762939453,25.25,8260000
